"1460803557405","0",":app:preBuild","true","false","true","1","2016-04-16T10:45:57,405Z","Intel(R) Core(TM) i5-4308U CPU @ 2.80GHz","Mac OS X 10.11.3 x86_64"
"1460803557405","1",":app:preDebugBuild","true","false","true","0","2016-04-16T10:45:57,405Z","Intel(R) Core(TM) i5-4308U CPU @ 2.80GHz","Mac OS X 10.11.3 x86_64"
"1460803557405","2",":app:checkDebugManifest","true","true","false","1","2016-04-16T10:45:57,405Z","Intel(R) Core(TM) i5-4308U CPU @ 2.80GHz","Mac OS X 10.11.3 x86_64"
"1460803557405","3",":app:preReleaseBuild","true","false","true","0","2016-04-16T10:45:57,405Z","Intel(R) Core(TM) i5-4308U CPU @ 2.80GHz","Mac OS X 10.11.3 x86_64"
"1460803557405","4",":app:prepareComAndroidSupportAnimatedVectorDrawable2330Library","true","false","true","2","2016-04-16T10:45:57,405Z","Intel(R) Core(TM) i5-4308U CPU @ 2.80GHz","Mac OS X 10.11.3 x86_64"
"1460803557405","5",":app:prepareComAndroidSupportAppcompatV72330Library","true","false","true","16","2016-04-16T10:45:57,405Z","Intel(R) Core(TM) i5-4308U CPU @ 2.80GHz","Mac OS X 10.11.3 x86_64"
"1460803557405","6",":app:prepareComAndroidSupportSupportV42330Library","true","false","true","1","2016-04-16T10:45:57,405Z","Intel(R) Core(TM) i5-4308U CPU @ 2.80GHz","Mac OS X 10.11.3 x86_64"
"1460803557405","7",":app:prepareComAndroidSupportSupportVectorDrawable2330Library","true","false","true","1","2016-04-16T10:45:57,405Z","Intel(R) Core(TM) i5-4308U CPU @ 2.80GHz","Mac OS X 10.11.3 x86_64"
"1460803557405","8",":app:prepareDebugDependencies","true","true","false","0","2016-04-16T10:45:57,405Z","Intel(R) Core(TM) i5-4308U CPU @ 2.80GHz","Mac OS X 10.11.3 x86_64"
"1460803557405","9",":app:compileDebugAidl","true","false","true","2","2016-04-16T10:45:57,405Z","Intel(R) Core(TM) i5-4308U CPU @ 2.80GHz","Mac OS X 10.11.3 x86_64"
"1460803557405","10",":app:compileDebugRenderscript","true","false","true","3","2016-04-16T10:45:57,405Z","Intel(R) Core(TM) i5-4308U CPU @ 2.80GHz","Mac OS X 10.11.3 x86_64"
"1460803557405","11",":app:generateDebugBuildConfig","true","false","true","2","2016-04-16T10:45:57,405Z","Intel(R) Core(TM) i5-4308U CPU @ 2.80GHz","Mac OS X 10.11.3 x86_64"
"1460803557405","12",":app:mergeDebugShaders","true","false","true","1","2016-04-16T10:45:57,405Z","Intel(R) Core(TM) i5-4308U CPU @ 2.80GHz","Mac OS X 10.11.3 x86_64"
"1460803557405","13",":app:compileDebugShaders","true","false","true","1","2016-04-16T10:45:57,405Z","Intel(R) Core(TM) i5-4308U CPU @ 2.80GHz","Mac OS X 10.11.3 x86_64"
"1460803557405","14",":app:generateDebugAssets","true","false","true","0","2016-04-16T10:45:57,405Z","Intel(R) Core(TM) i5-4308U CPU @ 2.80GHz","Mac OS X 10.11.3 x86_64"
"1460803557405","15",":app:mergeDebugAssets","true","false","true","2","2016-04-16T10:45:57,405Z","Intel(R) Core(TM) i5-4308U CPU @ 2.80GHz","Mac OS X 10.11.3 x86_64"
"1460803557405","16",":app:generateDebugResValues","true","false","true","2","2016-04-16T10:45:57,405Z","Intel(R) Core(TM) i5-4308U CPU @ 2.80GHz","Mac OS X 10.11.3 x86_64"
"1460803557405","17",":app:generateDebugResources","true","false","true","0","2016-04-16T10:45:57,405Z","Intel(R) Core(TM) i5-4308U CPU @ 2.80GHz","Mac OS X 10.11.3 x86_64"
"1460803557405","18",":app:mergeDebugResources","true","false","true","29","2016-04-16T10:45:57,405Z","Intel(R) Core(TM) i5-4308U CPU @ 2.80GHz","Mac OS X 10.11.3 x86_64"
"1460803557405","19",":app:processDebugManifest","true","false","true","2","2016-04-16T10:45:57,405Z","Intel(R) Core(TM) i5-4308U CPU @ 2.80GHz","Mac OS X 10.11.3 x86_64"
"1460803557405","20",":app:processDebugResources","true","false","true","9","2016-04-16T10:45:57,405Z","Intel(R) Core(TM) i5-4308U CPU @ 2.80GHz","Mac OS X 10.11.3 x86_64"
"1460803557405","21",":app:generateDebugSources","true","false","true","0","2016-04-16T10:45:57,405Z","Intel(R) Core(TM) i5-4308U CPU @ 2.80GHz","Mac OS X 10.11.3 x86_64"
"1460803557405","22",":app:preDebugUnitTestBuild","true","false","true","0","2016-04-16T10:45:57,405Z","Intel(R) Core(TM) i5-4308U CPU @ 2.80GHz","Mac OS X 10.11.3 x86_64"
"1460803557405","23",":app:prepareDebugUnitTestDependencies","true","true","false","0","2016-04-16T10:45:57,405Z","Intel(R) Core(TM) i5-4308U CPU @ 2.80GHz","Mac OS X 10.11.3 x86_64"
"1460803557405","24",":app:mockableAndroidJar","true","false","true","1","2016-04-16T10:45:57,405Z","Intel(R) Core(TM) i5-4308U CPU @ 2.80GHz","Mac OS X 10.11.3 x86_64"
"1460803557405","25",":app:preDebugAndroidTestBuild","true","false","true","0","2016-04-16T10:45:57,405Z","Intel(R) Core(TM) i5-4308U CPU @ 2.80GHz","Mac OS X 10.11.3 x86_64"
"1460803557405","26",":app:prepareDebugAndroidTestDependencies","true","true","false","1","2016-04-16T10:45:57,405Z","Intel(R) Core(TM) i5-4308U CPU @ 2.80GHz","Mac OS X 10.11.3 x86_64"
"1460803557405","27",":app:compileDebugAndroidTestAidl","true","false","true","1","2016-04-16T10:45:57,405Z","Intel(R) Core(TM) i5-4308U CPU @ 2.80GHz","Mac OS X 10.11.3 x86_64"
"1460803557405","28",":app:processDebugAndroidTestManifest","true","false","true","0","2016-04-16T10:45:57,405Z","Intel(R) Core(TM) i5-4308U CPU @ 2.80GHz","Mac OS X 10.11.3 x86_64"
"1460803557405","29",":app:compileDebugAndroidTestRenderscript","true","false","true","2","2016-04-16T10:45:57,405Z","Intel(R) Core(TM) i5-4308U CPU @ 2.80GHz","Mac OS X 10.11.3 x86_64"
"1460803557405","30",":app:generateDebugAndroidTestBuildConfig","true","false","true","1","2016-04-16T10:45:57,405Z","Intel(R) Core(TM) i5-4308U CPU @ 2.80GHz","Mac OS X 10.11.3 x86_64"
"1460803557405","31",":app:mergeDebugAndroidTestShaders","true","false","true","2","2016-04-16T10:45:57,405Z","Intel(R) Core(TM) i5-4308U CPU @ 2.80GHz","Mac OS X 10.11.3 x86_64"
"1460803557405","32",":app:compileDebugAndroidTestShaders","true","false","true","1","2016-04-16T10:45:57,405Z","Intel(R) Core(TM) i5-4308U CPU @ 2.80GHz","Mac OS X 10.11.3 x86_64"
"1460803557405","33",":app:generateDebugAndroidTestAssets","true","false","true","0","2016-04-16T10:45:57,405Z","Intel(R) Core(TM) i5-4308U CPU @ 2.80GHz","Mac OS X 10.11.3 x86_64"
"1460803557405","34",":app:mergeDebugAndroidTestAssets","true","false","true","1","2016-04-16T10:45:57,405Z","Intel(R) Core(TM) i5-4308U CPU @ 2.80GHz","Mac OS X 10.11.3 x86_64"
"1460803557405","35",":app:generateDebugAndroidTestResValues","true","false","true","1","2016-04-16T10:45:57,405Z","Intel(R) Core(TM) i5-4308U CPU @ 2.80GHz","Mac OS X 10.11.3 x86_64"
"1460803557405","36",":app:generateDebugAndroidTestResources","true","false","true","0","2016-04-16T10:45:57,405Z","Intel(R) Core(TM) i5-4308U CPU @ 2.80GHz","Mac OS X 10.11.3 x86_64"
"1460803557405","37",":app:mergeDebugAndroidTestResources","true","false","true","2","2016-04-16T10:45:57,405Z","Intel(R) Core(TM) i5-4308U CPU @ 2.80GHz","Mac OS X 10.11.3 x86_64"
"1460803557405","38",":app:processDebugAndroidTestResources","true","false","true","2","2016-04-16T10:45:57,405Z","Intel(R) Core(TM) i5-4308U CPU @ 2.80GHz","Mac OS X 10.11.3 x86_64"
"1460803557405","39",":app:generateDebugAndroidTestSources","true","false","true","0","2016-04-16T10:45:57,405Z","Intel(R) Core(TM) i5-4308U CPU @ 2.80GHz","Mac OS X 10.11.3 x86_64"
"1460803557405","40",":hellocustomgradleplugin:preBuild","true","false","true","0","2016-04-16T10:45:57,405Z","Intel(R) Core(TM) i5-4308U CPU @ 2.80GHz","Mac OS X 10.11.3 x86_64"
"1460803557405","41",":hellocustomgradleplugin:preDebugBuild","true","false","true","0","2016-04-16T10:45:57,405Z","Intel(R) Core(TM) i5-4308U CPU @ 2.80GHz","Mac OS X 10.11.3 x86_64"
"1460803557405","42",":hellocustomgradleplugin:checkDebugManifest","true","true","false","1","2016-04-16T10:45:57,405Z","Intel(R) Core(TM) i5-4308U CPU @ 2.80GHz","Mac OS X 10.11.3 x86_64"
"1460803557405","43",":hellocustomgradleplugin:preDebugAndroidTestBuild","true","false","true","1","2016-04-16T10:45:57,405Z","Intel(R) Core(TM) i5-4308U CPU @ 2.80GHz","Mac OS X 10.11.3 x86_64"
"1460803557405","44",":hellocustomgradleplugin:preDebugUnitTestBuild","true","false","true","0","2016-04-16T10:45:57,405Z","Intel(R) Core(TM) i5-4308U CPU @ 2.80GHz","Mac OS X 10.11.3 x86_64"
"1460803557405","45",":hellocustomgradleplugin:preReleaseBuild","true","false","true","0","2016-04-16T10:45:57,405Z","Intel(R) Core(TM) i5-4308U CPU @ 2.80GHz","Mac OS X 10.11.3 x86_64"
"1460803557405","46",":hellocustomgradleplugin:preReleaseUnitTestBuild","true","false","true","1","2016-04-16T10:45:57,405Z","Intel(R) Core(TM) i5-4308U CPU @ 2.80GHz","Mac OS X 10.11.3 x86_64"
"1460803557405","47",":hellocustomgradleplugin:prepareComAndroidSupportAnimatedVectorDrawable2330Library","true","false","true","25","2016-04-16T10:45:57,405Z","Intel(R) Core(TM) i5-4308U CPU @ 2.80GHz","Mac OS X 10.11.3 x86_64"
"1460803557405","48",":hellocustomgradleplugin:prepareComAndroidSupportAppcompatV72330Library","true","false","true","16","2016-04-16T10:45:57,405Z","Intel(R) Core(TM) i5-4308U CPU @ 2.80GHz","Mac OS X 10.11.3 x86_64"
"1460803557405","49",":hellocustomgradleplugin:prepareComAndroidSupportSupportV42330Library","true","false","true","1","2016-04-16T10:45:57,405Z","Intel(R) Core(TM) i5-4308U CPU @ 2.80GHz","Mac OS X 10.11.3 x86_64"
"1460803557405","50",":hellocustomgradleplugin:prepareComAndroidSupportSupportVectorDrawable2330Library","true","false","true","1","2016-04-16T10:45:57,405Z","Intel(R) Core(TM) i5-4308U CPU @ 2.80GHz","Mac OS X 10.11.3 x86_64"
"1460803557405","51",":hellocustomgradleplugin:prepareDebugDependencies","true","true","false","1","2016-04-16T10:45:57,405Z","Intel(R) Core(TM) i5-4308U CPU @ 2.80GHz","Mac OS X 10.11.3 x86_64"
"1460803557405","52",":hellocustomgradleplugin:compileDebugAidl","true","false","true","4","2016-04-16T10:45:57,405Z","Intel(R) Core(TM) i5-4308U CPU @ 2.80GHz","Mac OS X 10.11.3 x86_64"
"1460803557405","53",":hellocustomgradleplugin:compileDebugRenderscript","true","false","true","2","2016-04-16T10:45:57,405Z","Intel(R) Core(TM) i5-4308U CPU @ 2.80GHz","Mac OS X 10.11.3 x86_64"
"1460803557405","54",":hellocustomgradleplugin:generateDebugBuildConfig","true","false","true","1","2016-04-16T10:45:57,405Z","Intel(R) Core(TM) i5-4308U CPU @ 2.80GHz","Mac OS X 10.11.3 x86_64"
"1460803557405","55",":hellocustomgradleplugin:mergeDebugShaders","true","false","true","1","2016-04-16T10:45:57,405Z","Intel(R) Core(TM) i5-4308U CPU @ 2.80GHz","Mac OS X 10.11.3 x86_64"
"1460803557405","56",":hellocustomgradleplugin:compileDebugShaders","true","false","true","1","2016-04-16T10:45:57,405Z","Intel(R) Core(TM) i5-4308U CPU @ 2.80GHz","Mac OS X 10.11.3 x86_64"
"1460803557405","57",":hellocustomgradleplugin:generateDebugAssets","true","false","true","0","2016-04-16T10:45:57,405Z","Intel(R) Core(TM) i5-4308U CPU @ 2.80GHz","Mac OS X 10.11.3 x86_64"
"1460803557405","58",":hellocustomgradleplugin:mergeDebugAssets","true","false","true","1","2016-04-16T10:45:57,405Z","Intel(R) Core(TM) i5-4308U CPU @ 2.80GHz","Mac OS X 10.11.3 x86_64"
"1460803557405","59",":hellocustomgradleplugin:generateDebugResValues","true","false","true","1","2016-04-16T10:45:57,405Z","Intel(R) Core(TM) i5-4308U CPU @ 2.80GHz","Mac OS X 10.11.3 x86_64"
"1460803557405","60",":hellocustomgradleplugin:generateDebugResources","true","false","true","0","2016-04-16T10:45:57,405Z","Intel(R) Core(TM) i5-4308U CPU @ 2.80GHz","Mac OS X 10.11.3 x86_64"
"1460803557405","61",":hellocustomgradleplugin:mergeDebugResources","true","false","true","26","2016-04-16T10:45:57,405Z","Intel(R) Core(TM) i5-4308U CPU @ 2.80GHz","Mac OS X 10.11.3 x86_64"
"1460803557405","62",":hellocustomgradleplugin:processDebugManifest","true","false","true","0","2016-04-16T10:45:57,405Z","Intel(R) Core(TM) i5-4308U CPU @ 2.80GHz","Mac OS X 10.11.3 x86_64"
"1460803557405","63",":hellocustomgradleplugin:processDebugResources","true","false","true","7","2016-04-16T10:45:57,405Z","Intel(R) Core(TM) i5-4308U CPU @ 2.80GHz","Mac OS X 10.11.3 x86_64"
"1460803557405","64",":hellocustomgradleplugin:generateDebugSources","true","false","true","0","2016-04-16T10:45:57,405Z","Intel(R) Core(TM) i5-4308U CPU @ 2.80GHz","Mac OS X 10.11.3 x86_64"
"1460803557405","65",":hellocustomgradleplugin:prepareDebugUnitTestDependencies","true","true","false","1","2016-04-16T10:45:57,405Z","Intel(R) Core(TM) i5-4308U CPU @ 2.80GHz","Mac OS X 10.11.3 x86_64"
"1460803557405","66",":hellocustomgradleplugin:mockableAndroidJar","true","false","true","0","2016-04-16T10:45:57,405Z","Intel(R) Core(TM) i5-4308U CPU @ 2.80GHz","Mac OS X 10.11.3 x86_64"
"1460803557405","67",":hellocustomgradleplugin:prepareDebugAndroidTestDependencies","true","true","false","1","2016-04-16T10:45:57,405Z","Intel(R) Core(TM) i5-4308U CPU @ 2.80GHz","Mac OS X 10.11.3 x86_64"
"1460803557405","68",":hellocustomgradleplugin:compileDebugAndroidTestAidl","true","false","true","1","2016-04-16T10:45:57,405Z","Intel(R) Core(TM) i5-4308U CPU @ 2.80GHz","Mac OS X 10.11.3 x86_64"
"1460803557405","69",":hellocustomgradleplugin:compileDebugNdk","true","false","true","1","2016-04-16T10:45:57,405Z","Intel(R) Core(TM) i5-4308U CPU @ 2.80GHz","Mac OS X 10.11.3 x86_64"
"1460803557405","70",":hellocustomgradleplugin:compileLint","true","true","false","1","2016-04-16T10:45:57,405Z","Intel(R) Core(TM) i5-4308U CPU @ 2.80GHz","Mac OS X 10.11.3 x86_64"
"1460803557405","71",":hellocustomgradleplugin:copyDebugLint","true","false","true","0","2016-04-16T10:45:57,405Z","Intel(R) Core(TM) i5-4308U CPU @ 2.80GHz","Mac OS X 10.11.3 x86_64"
"1460803557405","72",":hellocustomgradleplugin:compileDebugJavaWithJavac","true","false","true","4","2016-04-16T10:45:57,405Z","Intel(R) Core(TM) i5-4308U CPU @ 2.80GHz","Mac OS X 10.11.3 x86_64"
"1460803557405","73",":hellocustomgradleplugin:extractDebugAnnotations","true","false","true","2","2016-04-16T10:45:57,405Z","Intel(R) Core(TM) i5-4308U CPU @ 2.80GHz","Mac OS X 10.11.3 x86_64"
"1460803557405","74",":hellocustomgradleplugin:mergeDebugProguardFiles","true","false","true","1","2016-04-16T10:45:57,405Z","Intel(R) Core(TM) i5-4308U CPU @ 2.80GHz","Mac OS X 10.11.3 x86_64"
"1460803557405","75",":hellocustomgradleplugin:packageDebugRenderscript","true","false","true","0","2016-04-16T10:45:57,405Z","Intel(R) Core(TM) i5-4308U CPU @ 2.80GHz","Mac OS X 10.11.3 x86_64"
"1460803557405","76",":hellocustomgradleplugin:packageDebugResources","true","false","true","1","2016-04-16T10:45:57,405Z","Intel(R) Core(TM) i5-4308U CPU @ 2.80GHz","Mac OS X 10.11.3 x86_64"
"1460803557405","77",":hellocustomgradleplugin:processDebugJavaRes","true","false","true","1","2016-04-16T10:45:57,405Z","Intel(R) Core(TM) i5-4308U CPU @ 2.80GHz","Mac OS X 10.11.3 x86_64"
"1460803557405","78",":hellocustomgradleplugin:transformResourcesWithMergeJavaResForDebug","true","false","true","1","2016-04-16T10:45:57,405Z","Intel(R) Core(TM) i5-4308U CPU @ 2.80GHz","Mac OS X 10.11.3 x86_64"
"1460803557405","79",":hellocustomgradleplugin:transformClassesAndResourcesWithSyncLibJarsForDebug","true","false","true","1","2016-04-16T10:45:57,405Z","Intel(R) Core(TM) i5-4308U CPU @ 2.80GHz","Mac OS X 10.11.3 x86_64"
"1460803557405","80",":hellocustomgradleplugin:mergeDebugJniLibFolders","true","false","true","2","2016-04-16T10:45:57,405Z","Intel(R) Core(TM) i5-4308U CPU @ 2.80GHz","Mac OS X 10.11.3 x86_64"
"1460803557405","81",":hellocustomgradleplugin:transformNative_libsWithMergeJniLibsForDebug","true","false","true","0","2016-04-16T10:45:57,405Z","Intel(R) Core(TM) i5-4308U CPU @ 2.80GHz","Mac OS X 10.11.3 x86_64"
"1460803557405","82",":hellocustomgradleplugin:transformNative_libsWithSyncJniLibsForDebug","true","false","true","1","2016-04-16T10:45:57,405Z","Intel(R) Core(TM) i5-4308U CPU @ 2.80GHz","Mac OS X 10.11.3 x86_64"
"1460803557405","83",":hellocustomgradleplugin:bundleDebug","true","false","true","2","2016-04-16T10:45:57,405Z","Intel(R) Core(TM) i5-4308U CPU @ 2.80GHz","Mac OS X 10.11.3 x86_64"
"1460803557405","84",":hellocustomgradleplugin:compileDebugSources","true","false","true","0","2016-04-16T10:45:57,405Z","Intel(R) Core(TM) i5-4308U CPU @ 2.80GHz","Mac OS X 10.11.3 x86_64"
"1460803557405","85",":hellocustomgradleplugin:assembleDebug","true","false","true","0","2016-04-16T10:45:57,405Z","Intel(R) Core(TM) i5-4308U CPU @ 2.80GHz","Mac OS X 10.11.3 x86_64"
"1460803557405","86",":hellocustomgradleplugin:processDebugAndroidTestManifest","true","false","true","1","2016-04-16T10:45:57,405Z","Intel(R) Core(TM) i5-4308U CPU @ 2.80GHz","Mac OS X 10.11.3 x86_64"
"1460803557405","87",":hellocustomgradleplugin:compileDebugAndroidTestRenderscript","true","false","true","2","2016-04-16T10:45:57,405Z","Intel(R) Core(TM) i5-4308U CPU @ 2.80GHz","Mac OS X 10.11.3 x86_64"
"1460803557405","88",":hellocustomgradleplugin:generateDebugAndroidTestBuildConfig","true","false","true","1","2016-04-16T10:45:57,405Z","Intel(R) Core(TM) i5-4308U CPU @ 2.80GHz","Mac OS X 10.11.3 x86_64"
"1460803557405","89",":hellocustomgradleplugin:mergeDebugAndroidTestShaders","true","false","true","1","2016-04-16T10:45:57,405Z","Intel(R) Core(TM) i5-4308U CPU @ 2.80GHz","Mac OS X 10.11.3 x86_64"
"1460803557405","90",":hellocustomgradleplugin:compileDebugAndroidTestShaders","true","false","true","1","2016-04-16T10:45:57,405Z","Intel(R) Core(TM) i5-4308U CPU @ 2.80GHz","Mac OS X 10.11.3 x86_64"
"1460803557405","91",":hellocustomgradleplugin:generateDebugAndroidTestAssets","true","false","true","0","2016-04-16T10:45:57,405Z","Intel(R) Core(TM) i5-4308U CPU @ 2.80GHz","Mac OS X 10.11.3 x86_64"
"1460803557405","92",":hellocustomgradleplugin:mergeDebugAndroidTestAssets","true","false","true","1","2016-04-16T10:45:57,405Z","Intel(R) Core(TM) i5-4308U CPU @ 2.80GHz","Mac OS X 10.11.3 x86_64"
"1460803557405","93",":hellocustomgradleplugin:generateDebugAndroidTestResValues","true","false","true","1","2016-04-16T10:45:57,405Z","Intel(R) Core(TM) i5-4308U CPU @ 2.80GHz","Mac OS X 10.11.3 x86_64"
"1460803557405","94",":hellocustomgradleplugin:generateDebugAndroidTestResources","true","false","true","0","2016-04-16T10:45:57,405Z","Intel(R) Core(TM) i5-4308U CPU @ 2.80GHz","Mac OS X 10.11.3 x86_64"
"1460803557405","95",":hellocustomgradleplugin:mergeDebugAndroidTestResources","true","false","true","30","2016-04-16T10:45:57,405Z","Intel(R) Core(TM) i5-4308U CPU @ 2.80GHz","Mac OS X 10.11.3 x86_64"
"1460803557405","96",":hellocustomgradleplugin:processDebugAndroidTestResources","true","false","true","7","2016-04-16T10:45:57,405Z","Intel(R) Core(TM) i5-4308U CPU @ 2.80GHz","Mac OS X 10.11.3 x86_64"
"1460803557405","97",":hellocustomgradleplugin:generateDebugAndroidTestSources","true","false","true","0","2016-04-16T10:45:57,405Z","Intel(R) Core(TM) i5-4308U CPU @ 2.80GHz","Mac OS X 10.11.3 x86_64"
"1460803685171","0",":app:preBuild","true","false","true","8","2016-04-16T10:48:05,171Z","Intel(R) Core(TM) i5-4308U CPU @ 2.80GHz","Mac OS X 10.11.3 x86_64"
"1460803685171","1",":app:preDebugBuild","true","false","true","0","2016-04-16T10:48:05,171Z","Intel(R) Core(TM) i5-4308U CPU @ 2.80GHz","Mac OS X 10.11.3 x86_64"
"1460803685171","2",":app:checkDebugManifest","true","true","false","4","2016-04-16T10:48:05,171Z","Intel(R) Core(TM) i5-4308U CPU @ 2.80GHz","Mac OS X 10.11.3 x86_64"
"1460803685171","3",":app:preReleaseBuild","true","false","true","0","2016-04-16T10:48:05,171Z","Intel(R) Core(TM) i5-4308U CPU @ 2.80GHz","Mac OS X 10.11.3 x86_64"
"1460803685171","4",":app:prepareComAndroidSupportAnimatedVectorDrawable2330Library","true","false","true","61","2016-04-16T10:48:05,171Z","Intel(R) Core(TM) i5-4308U CPU @ 2.80GHz","Mac OS X 10.11.3 x86_64"
"1460803685171","5",":app:prepareComAndroidSupportAppcompatV72330Library","true","false","true","228","2016-04-16T10:48:05,171Z","Intel(R) Core(TM) i5-4308U CPU @ 2.80GHz","Mac OS X 10.11.3 x86_64"
"1460803685171","6",":app:prepareComAndroidSupportSupportV42330Library","true","false","true","22","2016-04-16T10:48:05,171Z","Intel(R) Core(TM) i5-4308U CPU @ 2.80GHz","Mac OS X 10.11.3 x86_64"
"1460803685171","7",":app:prepareComAndroidSupportSupportVectorDrawable2330Library","true","false","true","11","2016-04-16T10:48:05,171Z","Intel(R) Core(TM) i5-4308U CPU @ 2.80GHz","Mac OS X 10.11.3 x86_64"
"1460803685171","8",":app:prepareDebugDependencies","true","true","false","2","2016-04-16T10:48:05,171Z","Intel(R) Core(TM) i5-4308U CPU @ 2.80GHz","Mac OS X 10.11.3 x86_64"
"1460803685171","9",":app:compileDebugAidl","true","false","true","22","2016-04-16T10:48:05,171Z","Intel(R) Core(TM) i5-4308U CPU @ 2.80GHz","Mac OS X 10.11.3 x86_64"
"1460803685171","10",":app:compileDebugRenderscript","true","false","true","39","2016-04-16T10:48:05,171Z","Intel(R) Core(TM) i5-4308U CPU @ 2.80GHz","Mac OS X 10.11.3 x86_64"
"1460803685171","11",":app:generateDebugBuildConfig","true","false","true","36","2016-04-16T10:48:05,171Z","Intel(R) Core(TM) i5-4308U CPU @ 2.80GHz","Mac OS X 10.11.3 x86_64"
"1460803685171","12",":app:mergeDebugShaders","true","false","true","7","2016-04-16T10:48:05,171Z","Intel(R) Core(TM) i5-4308U CPU @ 2.80GHz","Mac OS X 10.11.3 x86_64"
"1460803685171","13",":app:compileDebugShaders","true","false","true","12","2016-04-16T10:48:05,171Z","Intel(R) Core(TM) i5-4308U CPU @ 2.80GHz","Mac OS X 10.11.3 x86_64"
"1460803685171","14",":app:generateDebugAssets","true","false","true","4","2016-04-16T10:48:05,171Z","Intel(R) Core(TM) i5-4308U CPU @ 2.80GHz","Mac OS X 10.11.3 x86_64"
"1460803685171","15",":app:mergeDebugAssets","true","false","true","16","2016-04-16T10:48:05,171Z","Intel(R) Core(TM) i5-4308U CPU @ 2.80GHz","Mac OS X 10.11.3 x86_64"
"1460803685171","16",":app:generateDebugResValues","true","false","true","6","2016-04-16T10:48:05,171Z","Intel(R) Core(TM) i5-4308U CPU @ 2.80GHz","Mac OS X 10.11.3 x86_64"
"1460803685171","17",":app:generateDebugResources","true","false","true","1","2016-04-16T10:48:05,171Z","Intel(R) Core(TM) i5-4308U CPU @ 2.80GHz","Mac OS X 10.11.3 x86_64"
"1460803685171","18",":app:mergeDebugResources","true","false","true","405","2016-04-16T10:48:05,171Z","Intel(R) Core(TM) i5-4308U CPU @ 2.80GHz","Mac OS X 10.11.3 x86_64"
"1460803685171","19",":app:processDebugManifest","true","false","true","8","2016-04-16T10:48:05,171Z","Intel(R) Core(TM) i5-4308U CPU @ 2.80GHz","Mac OS X 10.11.3 x86_64"
"1460803685171","20",":app:processDebugResources","true","false","true","159","2016-04-16T10:48:05,171Z","Intel(R) Core(TM) i5-4308U CPU @ 2.80GHz","Mac OS X 10.11.3 x86_64"
"1460803685171","21",":app:generateDebugSources","true","false","true","1","2016-04-16T10:48:05,171Z","Intel(R) Core(TM) i5-4308U CPU @ 2.80GHz","Mac OS X 10.11.3 x86_64"
"1460803685171","22",":app:compileDebugJavaWithJavac","true","true","false","726","2016-04-16T10:48:05,171Z","Intel(R) Core(TM) i5-4308U CPU @ 2.80GHz","Mac OS X 10.11.3 x86_64"
"1460803685171","23",":app:compileDebugNdk","true","false","true","2","2016-04-16T10:48:05,171Z","Intel(R) Core(TM) i5-4308U CPU @ 2.80GHz","Mac OS X 10.11.3 x86_64"
"1460803685171","24",":app:compileDebugSources","true","false","false","0","2016-04-16T10:48:05,171Z","Intel(R) Core(TM) i5-4308U CPU @ 2.80GHz","Mac OS X 10.11.3 x86_64"
"1460803685171","25",":app:prePackageMarkerForDebug","true","true","false","10","2016-04-16T10:48:05,171Z","Intel(R) Core(TM) i5-4308U CPU @ 2.80GHz","Mac OS X 10.11.3 x86_64"
"1460803685171","26",":app:transformClassesWithDexForDebug","true","true","false","23102","2016-04-16T10:48:05,171Z","Intel(R) Core(TM) i5-4308U CPU @ 2.80GHz","Mac OS X 10.11.3 x86_64"
"1460803685171","27",":app:mergeDebugJniLibFolders","true","true","false","39","2016-04-16T10:48:05,171Z","Intel(R) Core(TM) i5-4308U CPU @ 2.80GHz","Mac OS X 10.11.3 x86_64"
"1460803685171","28",":app:transformNative_libsWithMergeJniLibsForDebug","true","true","false","15","2016-04-16T10:48:05,171Z","Intel(R) Core(TM) i5-4308U CPU @ 2.80GHz","Mac OS X 10.11.3 x86_64"
"1460803685171","29",":app:processDebugJavaRes","true","false","true","2","2016-04-16T10:48:05,171Z","Intel(R) Core(TM) i5-4308U CPU @ 2.80GHz","Mac OS X 10.11.3 x86_64"
"1460803685171","30",":app:transformResourcesWithMergeJavaResForDebug","true","true","false","19","2016-04-16T10:48:05,171Z","Intel(R) Core(TM) i5-4308U CPU @ 2.80GHz","Mac OS X 10.11.3 x86_64"
"1460803685171","31",":app:validateDebugSigning","true","true","false","3","2016-04-16T10:48:05,171Z","Intel(R) Core(TM) i5-4308U CPU @ 2.80GHz","Mac OS X 10.11.3 x86_64"
"1460803685171","32",":app:packageDebug","true","true","false","543","2016-04-16T10:48:05,171Z","Intel(R) Core(TM) i5-4308U CPU @ 2.80GHz","Mac OS X 10.11.3 x86_64"
"1460803685171","33",":app:zipalignDebug","true","true","false","54","2016-04-16T10:48:05,171Z","Intel(R) Core(TM) i5-4308U CPU @ 2.80GHz","Mac OS X 10.11.3 x86_64"
"1460803685171","34",":app:assembleDebug","true","false","false","1","2016-04-16T10:48:05,171Z","Intel(R) Core(TM) i5-4308U CPU @ 2.80GHz","Mac OS X 10.11.3 x86_64"
"1460803685171","35",":app:checkReleaseManifest","true","true","false","1","2016-04-16T10:48:05,171Z","Intel(R) Core(TM) i5-4308U CPU @ 2.80GHz","Mac OS X 10.11.3 x86_64"
"1460803685171","36",":app:prepareReleaseDependencies","true","true","false","1","2016-04-16T10:48:05,171Z","Intel(R) Core(TM) i5-4308U CPU @ 2.80GHz","Mac OS X 10.11.3 x86_64"
"1460803685171","37",":app:compileReleaseAidl","true","true","false","11","2016-04-16T10:48:05,171Z","Intel(R) Core(TM) i5-4308U CPU @ 2.80GHz","Mac OS X 10.11.3 x86_64"
"1460803685171","38",":app:compileReleaseRenderscript","true","true","false","31","2016-04-16T10:48:05,171Z","Intel(R) Core(TM) i5-4308U CPU @ 2.80GHz","Mac OS X 10.11.3 x86_64"
"1460803685171","39",":app:generateReleaseBuildConfig","true","true","false","28","2016-04-16T10:48:05,171Z","Intel(R) Core(TM) i5-4308U CPU @ 2.80GHz","Mac OS X 10.11.3 x86_64"
"1460803685171","40",":app:mergeReleaseShaders","true","true","false","12","2016-04-16T10:48:05,171Z","Intel(R) Core(TM) i5-4308U CPU @ 2.80GHz","Mac OS X 10.11.3 x86_64"
"1460803685171","41",":app:compileReleaseShaders","true","true","false","9","2016-04-16T10:48:05,171Z","Intel(R) Core(TM) i5-4308U CPU @ 2.80GHz","Mac OS X 10.11.3 x86_64"
"1460803685171","42",":app:generateReleaseAssets","true","false","false","1","2016-04-16T10:48:05,171Z","Intel(R) Core(TM) i5-4308U CPU @ 2.80GHz","Mac OS X 10.11.3 x86_64"
"1460803685171","43",":app:mergeReleaseAssets","true","true","false","14","2016-04-16T10:48:05,171Z","Intel(R) Core(TM) i5-4308U CPU @ 2.80GHz","Mac OS X 10.11.3 x86_64"
"1460803685171","44",":app:generateReleaseResValues","true","true","false","10","2016-04-16T10:48:05,171Z","Intel(R) Core(TM) i5-4308U CPU @ 2.80GHz","Mac OS X 10.11.3 x86_64"
"1460803685171","45",":app:generateReleaseResources","true","false","false","1","2016-04-16T10:48:05,171Z","Intel(R) Core(TM) i5-4308U CPU @ 2.80GHz","Mac OS X 10.11.3 x86_64"
"1460803685171","46",":app:mergeReleaseResources","true","true","false","1647","2016-04-16T10:48:05,171Z","Intel(R) Core(TM) i5-4308U CPU @ 2.80GHz","Mac OS X 10.11.3 x86_64"
"1460803685171","47",":app:processReleaseManifest","true","true","false","89","2016-04-16T10:48:05,171Z","Intel(R) Core(TM) i5-4308U CPU @ 2.80GHz","Mac OS X 10.11.3 x86_64"
"1460803685171","48",":app:processReleaseResources","true","true","false","455","2016-04-16T10:48:05,171Z","Intel(R) Core(TM) i5-4308U CPU @ 2.80GHz","Mac OS X 10.11.3 x86_64"
"1460803685171","49",":app:generateReleaseSources","true","false","false","0","2016-04-16T10:48:05,171Z","Intel(R) Core(TM) i5-4308U CPU @ 2.80GHz","Mac OS X 10.11.3 x86_64"
"1460803685171","50",":app:compileReleaseJavaWithJavac","true","true","false","203","2016-04-16T10:48:05,171Z","Intel(R) Core(TM) i5-4308U CPU @ 2.80GHz","Mac OS X 10.11.3 x86_64"
"1460803685171","51",":app:compileReleaseNdk","true","false","true","1","2016-04-16T10:48:05,171Z","Intel(R) Core(TM) i5-4308U CPU @ 2.80GHz","Mac OS X 10.11.3 x86_64"
"1460803685171","52",":app:compileReleaseSources","true","false","false","1","2016-04-16T10:48:05,171Z","Intel(R) Core(TM) i5-4308U CPU @ 2.80GHz","Mac OS X 10.11.3 x86_64"
"1460803685171","53",":app:lintVitalRelease","true","true","false","2753","2016-04-16T10:48:05,171Z","Intel(R) Core(TM) i5-4308U CPU @ 2.80GHz","Mac OS X 10.11.3 x86_64"
"1460803685171","54",":app:prePackageMarkerForRelease","true","true","false","4","2016-04-16T10:48:05,171Z","Intel(R) Core(TM) i5-4308U CPU @ 2.80GHz","Mac OS X 10.11.3 x86_64"
"1460803685171","55",":app:transformClassesWithDexForRelease","true","true","false","1697","2016-04-16T10:48:05,171Z","Intel(R) Core(TM) i5-4308U CPU @ 2.80GHz","Mac OS X 10.11.3 x86_64"
"1460803685171","56",":app:mergeReleaseJniLibFolders","true","true","false","7","2016-04-16T10:48:05,171Z","Intel(R) Core(TM) i5-4308U CPU @ 2.80GHz","Mac OS X 10.11.3 x86_64"
"1460803685171","57",":app:transformNative_libsWithMergeJniLibsForRelease","true","true","false","10","2016-04-16T10:48:05,171Z","Intel(R) Core(TM) i5-4308U CPU @ 2.80GHz","Mac OS X 10.11.3 x86_64"
"1460803685171","58",":app:processReleaseJavaRes","true","false","true","1","2016-04-16T10:48:05,171Z","Intel(R) Core(TM) i5-4308U CPU @ 2.80GHz","Mac OS X 10.11.3 x86_64"
"1460803685171","59",":app:transformResourcesWithMergeJavaResForRelease","true","true","false","12","2016-04-16T10:48:05,171Z","Intel(R) Core(TM) i5-4308U CPU @ 2.80GHz","Mac OS X 10.11.3 x86_64"
"1460803685171","60",":app:packageRelease","true","true","false","256","2016-04-16T10:48:05,171Z","Intel(R) Core(TM) i5-4308U CPU @ 2.80GHz","Mac OS X 10.11.3 x86_64"
"1460803685171","61",":app:assembleRelease","true","false","false","0","2016-04-16T10:48:05,171Z","Intel(R) Core(TM) i5-4308U CPU @ 2.80GHz","Mac OS X 10.11.3 x86_64"
"1460803685171","62",":app:assemble","true","false","false","0","2016-04-16T10:48:05,171Z","Intel(R) Core(TM) i5-4308U CPU @ 2.80GHz","Mac OS X 10.11.3 x86_64"
"1460803685171","63",":buildtimetracker:compileJava","true","false","true","1","2016-04-16T10:48:05,171Z","Intel(R) Core(TM) i5-4308U CPU @ 2.80GHz","Mac OS X 10.11.3 x86_64"
"1460803685171","64",":buildtimetracker:compileGroovy","true","true","false","2760","2016-04-16T10:48:05,171Z","Intel(R) Core(TM) i5-4308U CPU @ 2.80GHz","Mac OS X 10.11.3 x86_64"
"1460803685171","65",":buildtimetracker:processResources","true","true","false","35","2016-04-16T10:48:05,171Z","Intel(R) Core(TM) i5-4308U CPU @ 2.80GHz","Mac OS X 10.11.3 x86_64"
"1460803685171","66",":buildtimetracker:classes","true","false","false","0","2016-04-16T10:48:05,171Z","Intel(R) Core(TM) i5-4308U CPU @ 2.80GHz","Mac OS X 10.11.3 x86_64"
"1460803685171","67",":buildtimetracker:jar","true","true","false","76","2016-04-16T10:48:05,171Z","Intel(R) Core(TM) i5-4308U CPU @ 2.80GHz","Mac OS X 10.11.3 x86_64"
"1460803685171","68",":buildtimetracker:assemble","true","false","false","1","2016-04-16T10:48:05,171Z","Intel(R) Core(TM) i5-4308U CPU @ 2.80GHz","Mac OS X 10.11.3 x86_64"
"1460803685171","69",":hellocustomgradleplugin:preBuild","true","false","true","1","2016-04-16T10:48:05,171Z","Intel(R) Core(TM) i5-4308U CPU @ 2.80GHz","Mac OS X 10.11.3 x86_64"
"1460803685171","70",":hellocustomgradleplugin:preDebugBuild","true","false","true","1","2016-04-16T10:48:05,171Z","Intel(R) Core(TM) i5-4308U CPU @ 2.80GHz","Mac OS X 10.11.3 x86_64"
"1460803685171","71",":hellocustomgradleplugin:compileDebugNdk","true","false","true","1","2016-04-16T10:48:05,171Z","Intel(R) Core(TM) i5-4308U CPU @ 2.80GHz","Mac OS X 10.11.3 x86_64"
"1460803685171","72",":hellocustomgradleplugin:compileLint","true","true","false","1","2016-04-16T10:48:05,171Z","Intel(R) Core(TM) i5-4308U CPU @ 2.80GHz","Mac OS X 10.11.3 x86_64"
"1460803685171","73",":hellocustomgradleplugin:copyDebugLint","true","false","true","1","2016-04-16T10:48:05,171Z","Intel(R) Core(TM) i5-4308U CPU @ 2.80GHz","Mac OS X 10.11.3 x86_64"
"1460803685171","74",":hellocustomgradleplugin:checkDebugManifest","true","true","false","1","2016-04-16T10:48:05,171Z","Intel(R) Core(TM) i5-4308U CPU @ 2.80GHz","Mac OS X 10.11.3 x86_64"
"1460803685171","75",":hellocustomgradleplugin:preDebugAndroidTestBuild","true","false","true","1","2016-04-16T10:48:05,171Z","Intel(R) Core(TM) i5-4308U CPU @ 2.80GHz","Mac OS X 10.11.3 x86_64"
"1460803685171","76",":hellocustomgradleplugin:preDebugUnitTestBuild","true","false","true","1","2016-04-16T10:48:05,171Z","Intel(R) Core(TM) i5-4308U CPU @ 2.80GHz","Mac OS X 10.11.3 x86_64"
"1460803685171","77",":hellocustomgradleplugin:preReleaseBuild","true","false","true","1","2016-04-16T10:48:05,171Z","Intel(R) Core(TM) i5-4308U CPU @ 2.80GHz","Mac OS X 10.11.3 x86_64"
"1460803685171","78",":hellocustomgradleplugin:preReleaseUnitTestBuild","true","false","true","0","2016-04-16T10:48:05,171Z","Intel(R) Core(TM) i5-4308U CPU @ 2.80GHz","Mac OS X 10.11.3 x86_64"
"1460803685171","79",":hellocustomgradleplugin:prepareComAndroidSupportAnimatedVectorDrawable2330Library","true","false","true","13","2016-04-16T10:48:05,171Z","Intel(R) Core(TM) i5-4308U CPU @ 2.80GHz","Mac OS X 10.11.3 x86_64"
"1460803685171","80",":hellocustomgradleplugin:prepareComAndroidSupportAppcompatV72330Library","true","false","true","97","2016-04-16T10:48:05,171Z","Intel(R) Core(TM) i5-4308U CPU @ 2.80GHz","Mac OS X 10.11.3 x86_64"
"1460803685171","81",":hellocustomgradleplugin:prepareComAndroidSupportSupportV42330Library","true","false","true","4","2016-04-16T10:48:05,171Z","Intel(R) Core(TM) i5-4308U CPU @ 2.80GHz","Mac OS X 10.11.3 x86_64"
"1460803685171","82",":hellocustomgradleplugin:prepareComAndroidSupportSupportVectorDrawable2330Library","true","false","true","3","2016-04-16T10:48:05,171Z","Intel(R) Core(TM) i5-4308U CPU @ 2.80GHz","Mac OS X 10.11.3 x86_64"
"1460803685171","83",":hellocustomgradleplugin:prepareDebugDependencies","true","true","false","1","2016-04-16T10:48:05,171Z","Intel(R) Core(TM) i5-4308U CPU @ 2.80GHz","Mac OS X 10.11.3 x86_64"
"1460803685171","84",":hellocustomgradleplugin:compileDebugAidl","true","false","true","7","2016-04-16T10:48:05,171Z","Intel(R) Core(TM) i5-4308U CPU @ 2.80GHz","Mac OS X 10.11.3 x86_64"
"1460803685171","85",":hellocustomgradleplugin:compileDebugRenderscript","true","false","true","11","2016-04-16T10:48:05,171Z","Intel(R) Core(TM) i5-4308U CPU @ 2.80GHz","Mac OS X 10.11.3 x86_64"
"1460803685171","86",":hellocustomgradleplugin:generateDebugBuildConfig","true","false","true","8","2016-04-16T10:48:05,171Z","Intel(R) Core(TM) i5-4308U CPU @ 2.80GHz","Mac OS X 10.11.3 x86_64"
"1460803685171","87",":hellocustomgradleplugin:mergeDebugShaders","true","false","true","9","2016-04-16T10:48:05,171Z","Intel(R) Core(TM) i5-4308U CPU @ 2.80GHz","Mac OS X 10.11.3 x86_64"
"1460803685171","88",":hellocustomgradleplugin:compileDebugShaders","true","false","true","13","2016-04-16T10:48:05,171Z","Intel(R) Core(TM) i5-4308U CPU @ 2.80GHz","Mac OS X 10.11.3 x86_64"
"1460803685171","89",":hellocustomgradleplugin:generateDebugAssets","true","false","true","1","2016-04-16T10:48:05,171Z","Intel(R) Core(TM) i5-4308U CPU @ 2.80GHz","Mac OS X 10.11.3 x86_64"
"1460803685171","90",":hellocustomgradleplugin:mergeDebugAssets","true","false","true","9","2016-04-16T10:48:05,171Z","Intel(R) Core(TM) i5-4308U CPU @ 2.80GHz","Mac OS X 10.11.3 x86_64"
"1460803685171","91",":hellocustomgradleplugin:generateDebugResValues","true","false","true","7","2016-04-16T10:48:05,171Z","Intel(R) Core(TM) i5-4308U CPU @ 2.80GHz","Mac OS X 10.11.3 x86_64"
"1460803685171","92",":hellocustomgradleplugin:generateDebugResources","true","false","true","1","2016-04-16T10:48:05,171Z","Intel(R) Core(TM) i5-4308U CPU @ 2.80GHz","Mac OS X 10.11.3 x86_64"
"1460803685171","93",":hellocustomgradleplugin:mergeDebugResources","true","false","true","155","2016-04-16T10:48:05,171Z","Intel(R) Core(TM) i5-4308U CPU @ 2.80GHz","Mac OS X 10.11.3 x86_64"
"1460803685171","94",":hellocustomgradleplugin:processDebugManifest","true","false","true","8","2016-04-16T10:48:05,171Z","Intel(R) Core(TM) i5-4308U CPU @ 2.80GHz","Mac OS X 10.11.3 x86_64"
"1460803685171","95",":hellocustomgradleplugin:processDebugResources","true","false","true","70","2016-04-16T10:48:05,171Z","Intel(R) Core(TM) i5-4308U CPU @ 2.80GHz","Mac OS X 10.11.3 x86_64"
"1460803685171","96",":hellocustomgradleplugin:generateDebugSources","true","false","true","1","2016-04-16T10:48:05,171Z","Intel(R) Core(TM) i5-4308U CPU @ 2.80GHz","Mac OS X 10.11.3 x86_64"
"1460803685171","97",":hellocustomgradleplugin:compileDebugJavaWithJavac","true","false","true","19","2016-04-16T10:48:05,171Z","Intel(R) Core(TM) i5-4308U CPU @ 2.80GHz","Mac OS X 10.11.3 x86_64"
"1460803685171","98",":hellocustomgradleplugin:extractDebugAnnotations","true","false","true","8","2016-04-16T10:48:05,171Z","Intel(R) Core(TM) i5-4308U CPU @ 2.80GHz","Mac OS X 10.11.3 x86_64"
"1460803685171","99",":hellocustomgradleplugin:mergeDebugProguardFiles","true","false","true","2","2016-04-16T10:48:05,171Z","Intel(R) Core(TM) i5-4308U CPU @ 2.80GHz","Mac OS X 10.11.3 x86_64"
"1460803685171","100",":hellocustomgradleplugin:packageDebugRenderscript","true","false","true","1","2016-04-16T10:48:05,171Z","Intel(R) Core(TM) i5-4308U CPU @ 2.80GHz","Mac OS X 10.11.3 x86_64"
"1460803685171","101",":hellocustomgradleplugin:packageDebugResources","true","false","true","10","2016-04-16T10:48:05,171Z","Intel(R) Core(TM) i5-4308U CPU @ 2.80GHz","Mac OS X 10.11.3 x86_64"
"1460803685171","102",":hellocustomgradleplugin:processDebugJavaRes","true","false","true","0","2016-04-16T10:48:05,171Z","Intel(R) Core(TM) i5-4308U CPU @ 2.80GHz","Mac OS X 10.11.3 x86_64"
"1460803685171","103",":hellocustomgradleplugin:transformResourcesWithMergeJavaResForDebug","true","false","true","2","2016-04-16T10:48:05,171Z","Intel(R) Core(TM) i5-4308U CPU @ 2.80GHz","Mac OS X 10.11.3 x86_64"
"1460803685171","104",":hellocustomgradleplugin:transformClassesAndResourcesWithSyncLibJarsForDebug","true","false","true","11","2016-04-16T10:48:05,171Z","Intel(R) Core(TM) i5-4308U CPU @ 2.80GHz","Mac OS X 10.11.3 x86_64"
"1460803685171","105",":hellocustomgradleplugin:mergeDebugJniLibFolders","true","false","true","5","2016-04-16T10:48:05,171Z","Intel(R) Core(TM) i5-4308U CPU @ 2.80GHz","Mac OS X 10.11.3 x86_64"
"1460803685171","106",":hellocustomgradleplugin:transformNative_libsWithMergeJniLibsForDebug","true","false","true","3","2016-04-16T10:48:05,171Z","Intel(R) Core(TM) i5-4308U CPU @ 2.80GHz","Mac OS X 10.11.3 x86_64"
"1460803685171","107",":hellocustomgradleplugin:transformNative_libsWithSyncJniLibsForDebug","true","false","true","3","2016-04-16T10:48:05,171Z","Intel(R) Core(TM) i5-4308U CPU @ 2.80GHz","Mac OS X 10.11.3 x86_64"
"1460803685171","108",":hellocustomgradleplugin:bundleDebug","true","false","true","7","2016-04-16T10:48:05,171Z","Intel(R) Core(TM) i5-4308U CPU @ 2.80GHz","Mac OS X 10.11.3 x86_64"
"1460803685171","109",":hellocustomgradleplugin:compileDebugSources","true","false","true","1","2016-04-16T10:48:05,171Z","Intel(R) Core(TM) i5-4308U CPU @ 2.80GHz","Mac OS X 10.11.3 x86_64"
"1460803685171","110",":hellocustomgradleplugin:assembleDebug","true","false","true","0","2016-04-16T10:48:05,171Z","Intel(R) Core(TM) i5-4308U CPU @ 2.80GHz","Mac OS X 10.11.3 x86_64"
"1460803685171","111",":hellocustomgradleplugin:compileReleaseNdk","true","false","true","0","2016-04-16T10:48:05,171Z","Intel(R) Core(TM) i5-4308U CPU @ 2.80GHz","Mac OS X 10.11.3 x86_64"
"1460803685171","112",":hellocustomgradleplugin:copyReleaseLint","true","false","true","0","2016-04-16T10:48:05,171Z","Intel(R) Core(TM) i5-4308U CPU @ 2.80GHz","Mac OS X 10.11.3 x86_64"
"1460803685171","113",":hellocustomgradleplugin:checkReleaseManifest","true","true","false","1","2016-04-16T10:48:05,171Z","Intel(R) Core(TM) i5-4308U CPU @ 2.80GHz","Mac OS X 10.11.3 x86_64"
"1460803685171","114",":hellocustomgradleplugin:prepareReleaseDependencies","true","true","false","10","2016-04-16T10:48:05,171Z","Intel(R) Core(TM) i5-4308U CPU @ 2.80GHz","Mac OS X 10.11.3 x86_64"
"1460803685171","115",":hellocustomgradleplugin:compileReleaseAidl","true","true","false","17","2016-04-16T10:48:05,171Z","Intel(R) Core(TM) i5-4308U CPU @ 2.80GHz","Mac OS X 10.11.3 x86_64"
"1460803685171","116",":hellocustomgradleplugin:compileReleaseRenderscript","true","true","false","17","2016-04-16T10:48:05,171Z","Intel(R) Core(TM) i5-4308U CPU @ 2.80GHz","Mac OS X 10.11.3 x86_64"
"1460803685171","117",":hellocustomgradleplugin:generateReleaseBuildConfig","true","true","false","7","2016-04-16T10:48:05,171Z","Intel(R) Core(TM) i5-4308U CPU @ 2.80GHz","Mac OS X 10.11.3 x86_64"
"1460803685171","118",":hellocustomgradleplugin:mergeReleaseShaders","true","true","false","9","2016-04-16T10:48:05,171Z","Intel(R) Core(TM) i5-4308U CPU @ 2.80GHz","Mac OS X 10.11.3 x86_64"
"1460803685171","119",":hellocustomgradleplugin:compileReleaseShaders","true","true","false","6","2016-04-16T10:48:05,171Z","Intel(R) Core(TM) i5-4308U CPU @ 2.80GHz","Mac OS X 10.11.3 x86_64"
"1460803685171","120",":hellocustomgradleplugin:generateReleaseAssets","true","false","false","1","2016-04-16T10:48:05,171Z","Intel(R) Core(TM) i5-4308U CPU @ 2.80GHz","Mac OS X 10.11.3 x86_64"
"1460803685171","121",":hellocustomgradleplugin:mergeReleaseAssets","true","true","false","14","2016-04-16T10:48:05,171Z","Intel(R) Core(TM) i5-4308U CPU @ 2.80GHz","Mac OS X 10.11.3 x86_64"
"1460803685171","122",":hellocustomgradleplugin:generateReleaseResValues","true","true","false","4","2016-04-16T10:48:05,171Z","Intel(R) Core(TM) i5-4308U CPU @ 2.80GHz","Mac OS X 10.11.3 x86_64"
"1460803685171","123",":hellocustomgradleplugin:generateReleaseResources","true","false","false","2","2016-04-16T10:48:05,171Z","Intel(R) Core(TM) i5-4308U CPU @ 2.80GHz","Mac OS X 10.11.3 x86_64"
"1460803685171","124",":hellocustomgradleplugin:mergeReleaseResources","true","true","false","1108","2016-04-16T10:48:05,171Z","Intel(R) Core(TM) i5-4308U CPU @ 2.80GHz","Mac OS X 10.11.3 x86_64"
"1460803685171","125",":hellocustomgradleplugin:processReleaseManifest","true","true","false","12","2016-04-16T10:48:05,171Z","Intel(R) Core(TM) i5-4308U CPU @ 2.80GHz","Mac OS X 10.11.3 x86_64"
"1460803685171","126",":hellocustomgradleplugin:processReleaseResources","true","true","false","373","2016-04-16T10:48:05,171Z","Intel(R) Core(TM) i5-4308U CPU @ 2.80GHz","Mac OS X 10.11.3 x86_64"
"1460803685171","127",":hellocustomgradleplugin:generateReleaseSources","true","false","false","0","2016-04-16T10:48:05,171Z","Intel(R) Core(TM) i5-4308U CPU @ 2.80GHz","Mac OS X 10.11.3 x86_64"
"1460803685171","128",":hellocustomgradleplugin:compileReleaseJavaWithJavac","true","true","false","168","2016-04-16T10:48:05,171Z","Intel(R) Core(TM) i5-4308U CPU @ 2.80GHz","Mac OS X 10.11.3 x86_64"
"1460803685171","129",":hellocustomgradleplugin:extractReleaseAnnotations","true","true","false","305","2016-04-16T10:48:05,171Z","Intel(R) Core(TM) i5-4308U CPU @ 2.80GHz","Mac OS X 10.11.3 x86_64"
"1460803685171","130",":hellocustomgradleplugin:mergeReleaseProguardFiles","true","true","false","2","2016-04-16T10:48:05,171Z","Intel(R) Core(TM) i5-4308U CPU @ 2.80GHz","Mac OS X 10.11.3 x86_64"
"1460803685171","131",":hellocustomgradleplugin:packageReleaseRenderscript","true","false","true","1","2016-04-16T10:48:05,171Z","Intel(R) Core(TM) i5-4308U CPU @ 2.80GHz","Mac OS X 10.11.3 x86_64"
"1460803685171","132",":hellocustomgradleplugin:packageReleaseResources","true","true","false","15","2016-04-16T10:48:05,171Z","Intel(R) Core(TM) i5-4308U CPU @ 2.80GHz","Mac OS X 10.11.3 x86_64"
"1460803685171","133",":hellocustomgradleplugin:processReleaseJavaRes","true","false","true","1","2016-04-16T10:48:05,171Z","Intel(R) Core(TM) i5-4308U CPU @ 2.80GHz","Mac OS X 10.11.3 x86_64"
"1460803685171","134",":hellocustomgradleplugin:transformResourcesWithMergeJavaResForRelease","true","true","false","5","2016-04-16T10:48:05,171Z","Intel(R) Core(TM) i5-4308U CPU @ 2.80GHz","Mac OS X 10.11.3 x86_64"
"1460803685171","135",":hellocustomgradleplugin:transformClassesAndResourcesWithSyncLibJarsForRelease","true","true","false","23","2016-04-16T10:48:05,171Z","Intel(R) Core(TM) i5-4308U CPU @ 2.80GHz","Mac OS X 10.11.3 x86_64"
"1460803685171","136",":hellocustomgradleplugin:mergeReleaseJniLibFolders","true","true","false","50","2016-04-16T10:48:05,171Z","Intel(R) Core(TM) i5-4308U CPU @ 2.80GHz","Mac OS X 10.11.3 x86_64"
"1460803685171","137",":hellocustomgradleplugin:transformNative_libsWithMergeJniLibsForRelease","true","true","false","16","2016-04-16T10:48:05,171Z","Intel(R) Core(TM) i5-4308U CPU @ 2.80GHz","Mac OS X 10.11.3 x86_64"
"1460803685171","138",":hellocustomgradleplugin:transformNative_libsWithSyncJniLibsForRelease","true","true","false","31","2016-04-16T10:48:05,171Z","Intel(R) Core(TM) i5-4308U CPU @ 2.80GHz","Mac OS X 10.11.3 x86_64"
"1460803685171","139",":hellocustomgradleplugin:bundleRelease","true","true","false","36","2016-04-16T10:48:05,171Z","Intel(R) Core(TM) i5-4308U CPU @ 2.80GHz","Mac OS X 10.11.3 x86_64"
"1460803685171","140",":hellocustomgradleplugin:compileReleaseSources","true","false","false","1","2016-04-16T10:48:05,171Z","Intel(R) Core(TM) i5-4308U CPU @ 2.80GHz","Mac OS X 10.11.3 x86_64"
"1460803685171","141",":hellocustomgradleplugin:assembleRelease","true","false","false","0","2016-04-16T10:48:05,171Z","Intel(R) Core(TM) i5-4308U CPU @ 2.80GHz","Mac OS X 10.11.3 x86_64"
"1460803685171","142",":hellocustomgradleplugin:assemble","true","false","false","1","2016-04-16T10:48:05,171Z","Intel(R) Core(TM) i5-4308U CPU @ 2.80GHz","Mac OS X 10.11.3 x86_64"
"1460803685171","143",":timeanddate:compileJava","true","false","true","0","2016-04-16T10:48:05,171Z","Intel(R) Core(TM) i5-4308U CPU @ 2.80GHz","Mac OS X 10.11.3 x86_64"
"1460803685171","144",":timeanddate:compileGroovy","true","true","false","371","2016-04-16T10:48:05,171Z","Intel(R) Core(TM) i5-4308U CPU @ 2.80GHz","Mac OS X 10.11.3 x86_64"
"1460803685171","145",":timeanddate:processResources","true","true","false","14","2016-04-16T10:48:05,171Z","Intel(R) Core(TM) i5-4308U CPU @ 2.80GHz","Mac OS X 10.11.3 x86_64"
"1460803685171","146",":timeanddate:classes","true","false","false","1","2016-04-16T10:48:05,171Z","Intel(R) Core(TM) i5-4308U CPU @ 2.80GHz","Mac OS X 10.11.3 x86_64"
"1460803685171","147",":timeanddate:jar","true","true","false","15","2016-04-16T10:48:05,171Z","Intel(R) Core(TM) i5-4308U CPU @ 2.80GHz","Mac OS X 10.11.3 x86_64"
"1460803685171","148",":timeanddate:assemble","true","false","false","0","2016-04-16T10:48:05,171Z","Intel(R) Core(TM) i5-4308U CPU @ 2.80GHz","Mac OS X 10.11.3 x86_64"
"1460804476665","0",":app:preBuild","true","false","true","0","2016-04-16T11:01:16,665Z","Intel(R) Core(TM) i5-4308U CPU @ 2.80GHz","Mac OS X 10.11.3 x86_64"
"1460804476665","1",":app:preDebugBuild","true","false","true","0","2016-04-16T11:01:16,665Z","Intel(R) Core(TM) i5-4308U CPU @ 2.80GHz","Mac OS X 10.11.3 x86_64"
"1460804476665","2",":app:checkDebugManifest","true","true","false","0","2016-04-16T11:01:16,665Z","Intel(R) Core(TM) i5-4308U CPU @ 2.80GHz","Mac OS X 10.11.3 x86_64"
"1460804476665","3",":app:preReleaseBuild","true","false","true","1","2016-04-16T11:01:16,665Z","Intel(R) Core(TM) i5-4308U CPU @ 2.80GHz","Mac OS X 10.11.3 x86_64"
"1460804476665","4",":app:prepareComAndroidSupportAnimatedVectorDrawable2330Library","true","false","true","30","2016-04-16T11:01:16,665Z","Intel(R) Core(TM) i5-4308U CPU @ 2.80GHz","Mac OS X 10.11.3 x86_64"
"1460804476665","5",":app:prepareComAndroidSupportAppcompatV72330Library","true","false","true","79","2016-04-16T11:01:16,665Z","Intel(R) Core(TM) i5-4308U CPU @ 2.80GHz","Mac OS X 10.11.3 x86_64"
"1460804476665","6",":app:prepareComAndroidSupportSupportV42330Library","true","false","true","6","2016-04-16T11:01:16,665Z","Intel(R) Core(TM) i5-4308U CPU @ 2.80GHz","Mac OS X 10.11.3 x86_64"
"1460804476665","7",":app:prepareComAndroidSupportSupportVectorDrawable2330Library","true","false","true","8","2016-04-16T11:01:16,665Z","Intel(R) Core(TM) i5-4308U CPU @ 2.80GHz","Mac OS X 10.11.3 x86_64"
"1460804476665","8",":app:prepareDebugDependencies","true","true","false","0","2016-04-16T11:01:16,665Z","Intel(R) Core(TM) i5-4308U CPU @ 2.80GHz","Mac OS X 10.11.3 x86_64"
"1460804476665","9",":app:compileDebugAidl","true","false","true","4","2016-04-16T11:01:16,665Z","Intel(R) Core(TM) i5-4308U CPU @ 2.80GHz","Mac OS X 10.11.3 x86_64"
"1460804476665","10",":app:compileDebugRenderscript","true","false","true","7","2016-04-16T11:01:16,665Z","Intel(R) Core(TM) i5-4308U CPU @ 2.80GHz","Mac OS X 10.11.3 x86_64"
"1460804476665","11",":app:generateDebugBuildConfig","true","false","true","9","2016-04-16T11:01:16,665Z","Intel(R) Core(TM) i5-4308U CPU @ 2.80GHz","Mac OS X 10.11.3 x86_64"
"1460804476665","12",":app:mergeDebugShaders","true","false","true","2","2016-04-16T11:01:16,665Z","Intel(R) Core(TM) i5-4308U CPU @ 2.80GHz","Mac OS X 10.11.3 x86_64"
"1460804476665","13",":app:compileDebugShaders","true","false","true","2","2016-04-16T11:01:16,665Z","Intel(R) Core(TM) i5-4308U CPU @ 2.80GHz","Mac OS X 10.11.3 x86_64"
"1460804476665","14",":app:generateDebugAssets","true","false","true","1","2016-04-16T11:01:16,665Z","Intel(R) Core(TM) i5-4308U CPU @ 2.80GHz","Mac OS X 10.11.3 x86_64"
"1460804476665","15",":app:mergeDebugAssets","true","false","true","5","2016-04-16T11:01:16,665Z","Intel(R) Core(TM) i5-4308U CPU @ 2.80GHz","Mac OS X 10.11.3 x86_64"
"1460804476665","16",":app:generateDebugResValues","true","false","true","2","2016-04-16T11:01:16,665Z","Intel(R) Core(TM) i5-4308U CPU @ 2.80GHz","Mac OS X 10.11.3 x86_64"
"1460804476665","17",":app:generateDebugResources","true","false","true","1","2016-04-16T11:01:16,665Z","Intel(R) Core(TM) i5-4308U CPU @ 2.80GHz","Mac OS X 10.11.3 x86_64"
"1460804476665","18",":app:mergeDebugResources","true","false","true","115","2016-04-16T11:01:16,665Z","Intel(R) Core(TM) i5-4308U CPU @ 2.80GHz","Mac OS X 10.11.3 x86_64"
"1460804476665","19",":app:processDebugManifest","true","false","true","8","2016-04-16T11:01:16,665Z","Intel(R) Core(TM) i5-4308U CPU @ 2.80GHz","Mac OS X 10.11.3 x86_64"
"1460804476665","20",":app:processDebugResources","true","false","true","37","2016-04-16T11:01:16,665Z","Intel(R) Core(TM) i5-4308U CPU @ 2.80GHz","Mac OS X 10.11.3 x86_64"
"1460804476665","21",":app:generateDebugSources","true","false","true","1","2016-04-16T11:01:16,665Z","Intel(R) Core(TM) i5-4308U CPU @ 2.80GHz","Mac OS X 10.11.3 x86_64"
"1460804476665","22",":app:preDebugAndroidTestBuild","true","false","true","1","2016-04-16T11:01:16,665Z","Intel(R) Core(TM) i5-4308U CPU @ 2.80GHz","Mac OS X 10.11.3 x86_64"
"1460804476665","23",":app:prepareDebugAndroidTestDependencies","true","true","false","1","2016-04-16T11:01:16,665Z","Intel(R) Core(TM) i5-4308U CPU @ 2.80GHz","Mac OS X 10.11.3 x86_64"
"1460804476665","24",":app:compileDebugAndroidTestAidl","true","false","true","2","2016-04-16T11:01:16,665Z","Intel(R) Core(TM) i5-4308U CPU @ 2.80GHz","Mac OS X 10.11.3 x86_64"
"1460804476665","25",":app:processDebugAndroidTestManifest","true","false","true","3","2016-04-16T11:01:16,665Z","Intel(R) Core(TM) i5-4308U CPU @ 2.80GHz","Mac OS X 10.11.3 x86_64"
"1460804476665","26",":app:compileDebugAndroidTestRenderscript","true","false","true","7","2016-04-16T11:01:16,665Z","Intel(R) Core(TM) i5-4308U CPU @ 2.80GHz","Mac OS X 10.11.3 x86_64"
"1460804476665","27",":app:generateDebugAndroidTestBuildConfig","true","false","true","4","2016-04-16T11:01:16,665Z","Intel(R) Core(TM) i5-4308U CPU @ 2.80GHz","Mac OS X 10.11.3 x86_64"
"1460804476665","28",":app:mergeDebugAndroidTestShaders","true","false","true","3","2016-04-16T11:01:16,665Z","Intel(R) Core(TM) i5-4308U CPU @ 2.80GHz","Mac OS X 10.11.3 x86_64"
"1460804476665","29",":app:compileDebugAndroidTestShaders","true","false","true","2","2016-04-16T11:01:16,665Z","Intel(R) Core(TM) i5-4308U CPU @ 2.80GHz","Mac OS X 10.11.3 x86_64"
"1460804476665","30",":app:generateDebugAndroidTestAssets","true","false","true","1","2016-04-16T11:01:16,665Z","Intel(R) Core(TM) i5-4308U CPU @ 2.80GHz","Mac OS X 10.11.3 x86_64"
"1460804476665","31",":app:mergeDebugAndroidTestAssets","true","false","true","5","2016-04-16T11:01:16,665Z","Intel(R) Core(TM) i5-4308U CPU @ 2.80GHz","Mac OS X 10.11.3 x86_64"
"1460804476665","32",":app:generateDebugAndroidTestResValues","true","false","true","2","2016-04-16T11:01:16,665Z","Intel(R) Core(TM) i5-4308U CPU @ 2.80GHz","Mac OS X 10.11.3 x86_64"
"1460804476665","33",":app:generateDebugAndroidTestResources","true","false","true","0","2016-04-16T11:01:16,665Z","Intel(R) Core(TM) i5-4308U CPU @ 2.80GHz","Mac OS X 10.11.3 x86_64"
"1460804476665","34",":app:mergeDebugAndroidTestResources","true","false","true","3","2016-04-16T11:01:16,665Z","Intel(R) Core(TM) i5-4308U CPU @ 2.80GHz","Mac OS X 10.11.3 x86_64"
"1460804476665","35",":app:processDebugAndroidTestResources","true","false","true","11","2016-04-16T11:01:16,665Z","Intel(R) Core(TM) i5-4308U CPU @ 2.80GHz","Mac OS X 10.11.3 x86_64"
"1460804476665","36",":app:generateDebugAndroidTestSources","true","false","true","0","2016-04-16T11:01:16,665Z","Intel(R) Core(TM) i5-4308U CPU @ 2.80GHz","Mac OS X 10.11.3 x86_64"
"1460804476665","37",":app:preDebugUnitTestBuild","true","false","true","1","2016-04-16T11:01:16,665Z","Intel(R) Core(TM) i5-4308U CPU @ 2.80GHz","Mac OS X 10.11.3 x86_64"
"1460804476665","38",":app:prepareDebugUnitTestDependencies","true","true","false","0","2016-04-16T11:01:16,665Z","Intel(R) Core(TM) i5-4308U CPU @ 2.80GHz","Mac OS X 10.11.3 x86_64"
"1460804476665","39",":app:mockableAndroidJar","true","false","true","1","2016-04-16T11:01:16,665Z","Intel(R) Core(TM) i5-4308U CPU @ 2.80GHz","Mac OS X 10.11.3 x86_64"
"1460804476665","40",":hellocustomgradleplugin:preBuild","true","false","true","0","2016-04-16T11:01:16,665Z","Intel(R) Core(TM) i5-4308U CPU @ 2.80GHz","Mac OS X 10.11.3 x86_64"
"1460804476665","41",":hellocustomgradleplugin:preDebugBuild","true","false","true","0","2016-04-16T11:01:16,665Z","Intel(R) Core(TM) i5-4308U CPU @ 2.80GHz","Mac OS X 10.11.3 x86_64"
"1460804476665","42",":hellocustomgradleplugin:checkDebugManifest","true","true","false","1","2016-04-16T11:01:16,665Z","Intel(R) Core(TM) i5-4308U CPU @ 2.80GHz","Mac OS X 10.11.3 x86_64"
"1460804476665","43",":hellocustomgradleplugin:preDebugAndroidTestBuild","true","false","true","0","2016-04-16T11:01:16,665Z","Intel(R) Core(TM) i5-4308U CPU @ 2.80GHz","Mac OS X 10.11.3 x86_64"
"1460804476665","44",":hellocustomgradleplugin:preDebugUnitTestBuild","true","false","true","1","2016-04-16T11:01:16,665Z","Intel(R) Core(TM) i5-4308U CPU @ 2.80GHz","Mac OS X 10.11.3 x86_64"
"1460804476665","45",":hellocustomgradleplugin:preReleaseBuild","true","false","true","0","2016-04-16T11:01:16,665Z","Intel(R) Core(TM) i5-4308U CPU @ 2.80GHz","Mac OS X 10.11.3 x86_64"
"1460804476665","46",":hellocustomgradleplugin:preReleaseUnitTestBuild","true","false","true","0","2016-04-16T11:01:16,665Z","Intel(R) Core(TM) i5-4308U CPU @ 2.80GHz","Mac OS X 10.11.3 x86_64"
"1460804476665","47",":hellocustomgradleplugin:prepareComAndroidSupportAnimatedVectorDrawable2330Library","true","false","true","3","2016-04-16T11:01:16,665Z","Intel(R) Core(TM) i5-4308U CPU @ 2.80GHz","Mac OS X 10.11.3 x86_64"
"1460804476665","48",":hellocustomgradleplugin:prepareComAndroidSupportAppcompatV72330Library","true","false","true","36","2016-04-16T11:01:16,665Z","Intel(R) Core(TM) i5-4308U CPU @ 2.80GHz","Mac OS X 10.11.3 x86_64"
"1460804476665","49",":hellocustomgradleplugin:prepareComAndroidSupportSupportV42330Library","true","false","true","2","2016-04-16T11:01:16,665Z","Intel(R) Core(TM) i5-4308U CPU @ 2.80GHz","Mac OS X 10.11.3 x86_64"
"1460804476665","50",":hellocustomgradleplugin:prepareComAndroidSupportSupportVectorDrawable2330Library","true","false","true","2","2016-04-16T11:01:16,665Z","Intel(R) Core(TM) i5-4308U CPU @ 2.80GHz","Mac OS X 10.11.3 x86_64"
"1460804476665","51",":hellocustomgradleplugin:prepareDebugDependencies","true","true","false","0","2016-04-16T11:01:16,665Z","Intel(R) Core(TM) i5-4308U CPU @ 2.80GHz","Mac OS X 10.11.3 x86_64"
"1460804476665","52",":hellocustomgradleplugin:compileDebugAidl","true","false","true","3","2016-04-16T11:01:16,665Z","Intel(R) Core(TM) i5-4308U CPU @ 2.80GHz","Mac OS X 10.11.3 x86_64"
"1460804476665","53",":hellocustomgradleplugin:compileDebugRenderscript","true","false","true","3","2016-04-16T11:01:16,665Z","Intel(R) Core(TM) i5-4308U CPU @ 2.80GHz","Mac OS X 10.11.3 x86_64"
"1460804476665","54",":hellocustomgradleplugin:generateDebugBuildConfig","true","false","true","2","2016-04-16T11:01:16,665Z","Intel(R) Core(TM) i5-4308U CPU @ 2.80GHz","Mac OS X 10.11.3 x86_64"
"1460804476665","55",":hellocustomgradleplugin:mergeDebugShaders","true","false","true","4","2016-04-16T11:01:16,665Z","Intel(R) Core(TM) i5-4308U CPU @ 2.80GHz","Mac OS X 10.11.3 x86_64"
"1460804476665","56",":hellocustomgradleplugin:compileDebugShaders","true","false","true","2","2016-04-16T11:01:16,665Z","Intel(R) Core(TM) i5-4308U CPU @ 2.80GHz","Mac OS X 10.11.3 x86_64"
"1460804476665","57",":hellocustomgradleplugin:generateDebugAssets","true","false","true","1","2016-04-16T11:01:16,665Z","Intel(R) Core(TM) i5-4308U CPU @ 2.80GHz","Mac OS X 10.11.3 x86_64"
"1460804476665","58",":hellocustomgradleplugin:mergeDebugAssets","true","false","true","2","2016-04-16T11:01:16,665Z","Intel(R) Core(TM) i5-4308U CPU @ 2.80GHz","Mac OS X 10.11.3 x86_64"
"1460804476665","59",":hellocustomgradleplugin:generateDebugResValues","true","false","true","2","2016-04-16T11:01:16,665Z","Intel(R) Core(TM) i5-4308U CPU @ 2.80GHz","Mac OS X 10.11.3 x86_64"
"1460804476665","60",":hellocustomgradleplugin:generateDebugResources","true","false","true","0","2016-04-16T11:01:16,665Z","Intel(R) Core(TM) i5-4308U CPU @ 2.80GHz","Mac OS X 10.11.3 x86_64"
"1460804476665","61",":hellocustomgradleplugin:mergeDebugResources","true","false","true","55","2016-04-16T11:01:16,665Z","Intel(R) Core(TM) i5-4308U CPU @ 2.80GHz","Mac OS X 10.11.3 x86_64"
"1460804476665","62",":hellocustomgradleplugin:processDebugManifest","true","false","true","3","2016-04-16T11:01:16,665Z","Intel(R) Core(TM) i5-4308U CPU @ 2.80GHz","Mac OS X 10.11.3 x86_64"
"1460804476665","63",":hellocustomgradleplugin:processDebugResources","true","false","true","14","2016-04-16T11:01:16,665Z","Intel(R) Core(TM) i5-4308U CPU @ 2.80GHz","Mac OS X 10.11.3 x86_64"
"1460804476665","64",":hellocustomgradleplugin:generateDebugSources","true","false","true","0","2016-04-16T11:01:16,665Z","Intel(R) Core(TM) i5-4308U CPU @ 2.80GHz","Mac OS X 10.11.3 x86_64"
"1460804476665","65",":hellocustomgradleplugin:prepareDebugAndroidTestDependencies","true","true","false","1","2016-04-16T11:01:16,665Z","Intel(R) Core(TM) i5-4308U CPU @ 2.80GHz","Mac OS X 10.11.3 x86_64"
"1460804476665","66",":hellocustomgradleplugin:compileDebugAndroidTestAidl","true","false","true","2","2016-04-16T11:01:16,665Z","Intel(R) Core(TM) i5-4308U CPU @ 2.80GHz","Mac OS X 10.11.3 x86_64"
"1460804476665","67",":hellocustomgradleplugin:compileDebugNdk","true","false","true","0","2016-04-16T11:01:16,665Z","Intel(R) Core(TM) i5-4308U CPU @ 2.80GHz","Mac OS X 10.11.3 x86_64"
"1460804476665","68",":hellocustomgradleplugin:compileLint","true","true","false","0","2016-04-16T11:01:16,665Z","Intel(R) Core(TM) i5-4308U CPU @ 2.80GHz","Mac OS X 10.11.3 x86_64"
"1460804476665","69",":hellocustomgradleplugin:copyDebugLint","true","false","true","1","2016-04-16T11:01:16,665Z","Intel(R) Core(TM) i5-4308U CPU @ 2.80GHz","Mac OS X 10.11.3 x86_64"
"1460804476665","70",":hellocustomgradleplugin:compileDebugJavaWithJavac","true","false","true","6","2016-04-16T11:01:16,665Z","Intel(R) Core(TM) i5-4308U CPU @ 2.80GHz","Mac OS X 10.11.3 x86_64"
"1460804476665","71",":hellocustomgradleplugin:extractDebugAnnotations","true","false","true","3","2016-04-16T11:01:16,665Z","Intel(R) Core(TM) i5-4308U CPU @ 2.80GHz","Mac OS X 10.11.3 x86_64"
"1460804476665","72",":hellocustomgradleplugin:mergeDebugProguardFiles","true","false","true","1","2016-04-16T11:01:16,665Z","Intel(R) Core(TM) i5-4308U CPU @ 2.80GHz","Mac OS X 10.11.3 x86_64"
"1460804476665","73",":hellocustomgradleplugin:packageDebugRenderscript","true","false","true","2","2016-04-16T11:01:16,665Z","Intel(R) Core(TM) i5-4308U CPU @ 2.80GHz","Mac OS X 10.11.3 x86_64"
"1460804476665","74",":hellocustomgradleplugin:packageDebugResources","true","false","true","2","2016-04-16T11:01:16,665Z","Intel(R) Core(TM) i5-4308U CPU @ 2.80GHz","Mac OS X 10.11.3 x86_64"
"1460804476665","75",":hellocustomgradleplugin:processDebugJavaRes","true","false","true","0","2016-04-16T11:01:16,665Z","Intel(R) Core(TM) i5-4308U CPU @ 2.80GHz","Mac OS X 10.11.3 x86_64"
"1460804476665","76",":hellocustomgradleplugin:transformResourcesWithMergeJavaResForDebug","true","false","true","2","2016-04-16T11:01:16,665Z","Intel(R) Core(TM) i5-4308U CPU @ 2.80GHz","Mac OS X 10.11.3 x86_64"
"1460804476665","77",":hellocustomgradleplugin:transformClassesAndResourcesWithSyncLibJarsForDebug","true","false","true","2","2016-04-16T11:01:16,665Z","Intel(R) Core(TM) i5-4308U CPU @ 2.80GHz","Mac OS X 10.11.3 x86_64"
"1460804476665","78",":hellocustomgradleplugin:mergeDebugJniLibFolders","true","false","true","1","2016-04-16T11:01:16,665Z","Intel(R) Core(TM) i5-4308U CPU @ 2.80GHz","Mac OS X 10.11.3 x86_64"
"1460804476665","79",":hellocustomgradleplugin:transformNative_libsWithMergeJniLibsForDebug","true","false","true","1","2016-04-16T11:01:16,665Z","Intel(R) Core(TM) i5-4308U CPU @ 2.80GHz","Mac OS X 10.11.3 x86_64"
"1460804476665","80",":hellocustomgradleplugin:transformNative_libsWithSyncJniLibsForDebug","true","false","true","2","2016-04-16T11:01:16,665Z","Intel(R) Core(TM) i5-4308U CPU @ 2.80GHz","Mac OS X 10.11.3 x86_64"
"1460804476665","81",":hellocustomgradleplugin:bundleDebug","true","false","true","2","2016-04-16T11:01:16,665Z","Intel(R) Core(TM) i5-4308U CPU @ 2.80GHz","Mac OS X 10.11.3 x86_64"
"1460804476665","82",":hellocustomgradleplugin:compileDebugSources","true","false","true","0","2016-04-16T11:01:16,665Z","Intel(R) Core(TM) i5-4308U CPU @ 2.80GHz","Mac OS X 10.11.3 x86_64"
"1460804476665","83",":hellocustomgradleplugin:assembleDebug","true","false","true","1","2016-04-16T11:01:16,665Z","Intel(R) Core(TM) i5-4308U CPU @ 2.80GHz","Mac OS X 10.11.3 x86_64"
"1460804476665","84",":hellocustomgradleplugin:processDebugAndroidTestManifest","true","false","true","1","2016-04-16T11:01:16,665Z","Intel(R) Core(TM) i5-4308U CPU @ 2.80GHz","Mac OS X 10.11.3 x86_64"
"1460804476665","85",":hellocustomgradleplugin:compileDebugAndroidTestRenderscript","true","false","true","3","2016-04-16T11:01:16,665Z","Intel(R) Core(TM) i5-4308U CPU @ 2.80GHz","Mac OS X 10.11.3 x86_64"
"1460804476665","86",":hellocustomgradleplugin:generateDebugAndroidTestBuildConfig","true","false","true","2","2016-04-16T11:01:16,665Z","Intel(R) Core(TM) i5-4308U CPU @ 2.80GHz","Mac OS X 10.11.3 x86_64"
"1460804476665","87",":hellocustomgradleplugin:mergeDebugAndroidTestShaders","true","false","true","2","2016-04-16T11:01:16,665Z","Intel(R) Core(TM) i5-4308U CPU @ 2.80GHz","Mac OS X 10.11.3 x86_64"
"1460804476665","88",":hellocustomgradleplugin:compileDebugAndroidTestShaders","true","false","true","3","2016-04-16T11:01:16,665Z","Intel(R) Core(TM) i5-4308U CPU @ 2.80GHz","Mac OS X 10.11.3 x86_64"
"1460804476665","89",":hellocustomgradleplugin:generateDebugAndroidTestAssets","true","false","true","0","2016-04-16T11:01:16,665Z","Intel(R) Core(TM) i5-4308U CPU @ 2.80GHz","Mac OS X 10.11.3 x86_64"
"1460804476665","90",":hellocustomgradleplugin:mergeDebugAndroidTestAssets","true","false","true","3","2016-04-16T11:01:16,665Z","Intel(R) Core(TM) i5-4308U CPU @ 2.80GHz","Mac OS X 10.11.3 x86_64"
"1460804476665","91",":hellocustomgradleplugin:generateDebugAndroidTestResValues","true","false","true","1","2016-04-16T11:01:16,665Z","Intel(R) Core(TM) i5-4308U CPU @ 2.80GHz","Mac OS X 10.11.3 x86_64"
"1460804476665","92",":hellocustomgradleplugin:generateDebugAndroidTestResources","true","false","true","0","2016-04-16T11:01:16,665Z","Intel(R) Core(TM) i5-4308U CPU @ 2.80GHz","Mac OS X 10.11.3 x86_64"
"1460804476665","93",":hellocustomgradleplugin:mergeDebugAndroidTestResources","true","false","true","57","2016-04-16T11:01:16,665Z","Intel(R) Core(TM) i5-4308U CPU @ 2.80GHz","Mac OS X 10.11.3 x86_64"
"1460804476665","94",":hellocustomgradleplugin:processDebugAndroidTestResources","true","false","true","12","2016-04-16T11:01:16,665Z","Intel(R) Core(TM) i5-4308U CPU @ 2.80GHz","Mac OS X 10.11.3 x86_64"
"1460804476665","95",":hellocustomgradleplugin:generateDebugAndroidTestSources","true","false","true","0","2016-04-16T11:01:16,665Z","Intel(R) Core(TM) i5-4308U CPU @ 2.80GHz","Mac OS X 10.11.3 x86_64"
"1460804476665","96",":hellocustomgradleplugin:prepareDebugUnitTestDependencies","true","true","false","1","2016-04-16T11:01:16,665Z","Intel(R) Core(TM) i5-4308U CPU @ 2.80GHz","Mac OS X 10.11.3 x86_64"
"1460804476665","97",":hellocustomgradleplugin:mockableAndroidJar","true","false","true","1","2016-04-16T11:01:16,665Z","Intel(R) Core(TM) i5-4308U CPU @ 2.80GHz","Mac OS X 10.11.3 x86_64"
